model,accuracy,auc_roc,f1_score,sensitivity,specificity
XGBoost,0.55625,0.5960989998437256,0.5120274914089347,0.47151898734177217,0.6388888888888888
CNN,0.49375,0.5,0.6610878661087866,1.0,0.0
